{"cameraMode":{"drawMode":0,"name":"Shaded","section":"Shading Mode"},"sceneLighting":true,"audioPlay":false,"sceneViewState":{"showFog":true,"showMaterialUpdate":false,"showSkybox":true,"showFlares":true,"showImageEffects":true,"showParticleSystems":true},"in2DMode":false,"pivot":{"x":-2.309584856033325,"y":-0.9664202928543091,"z":8.238508224487305},"rotation":{"x":0.26949048042297366,"y":-0.030043598264455797,"z":0.0084119513630867,"w":0.9624980688095093},"size":43.691165924072269,"orthographic":false}