{"cameraMode":{"drawMode":0,"name":"Shaded","section":"Shading Mode"},"sceneLighting":true,"audioPlay":false,"sceneViewState":{"showFog":true,"showMaterialUpdate":false,"showSkybox":true,"showFlares":true,"showImageEffects":true,"showParticleSystems":true},"in2DMode":false,"pivot":{"x":-3.176462173461914,"y":26.490602493286134,"z":-12.52322769165039},"rotation":{"x":-0.48497503995895388,"y":-0.013915874063968659,"z":0.00770571967586875,"w":-0.8743948340415955},"size":7.194401741027832,"orthographic":false}