{"cameraMode":{"drawMode":0,"name":"Shaded","section":"Shading Mode"},"sceneLighting":false,"audioPlay":false,"sceneViewState":{"showFog":true,"showMaterialUpdate":false,"showSkybox":false,"showFlares":true,"showImageEffects":true,"showParticleSystems":true},"in2DMode":false,"pivot":{"x":-5.539999961853027,"y":2.0300426483154299,"z":3.3536157608032228},"rotation":{"x":-0.317730188369751,"y":0.019046463072299959,"z":-0.006395221222192049,"w":-0.9479794502258301},"size":11.829036712646485,"orthographic":false}